store_id,date,forecast
S01,2024-01-01,18571.0
S01,2024-01-02,11433.0
S01,2024-01-03,11463.0
S01,2024-01-04,12588.0
S01,2024-01-05,14016.0
S01,2024-01-06,16629.0
S01,2024-01-07,16259.0
S01,2024-01-08,9042.0
S01,2024-01-09,8922.0
S01,2024-01-10,9091.0
S01,2024-01-11,9631.0
S01,2024-01-12,11029.0
S01,2024-01-13,12671.0
S01,2024-01-14,12956.0
S01,2024-01-15,8512.0
S01,2024-01-16,9375.0
S01,2024-01-17,9321.0
S01,2024-01-18,9514.0
S01,2024-01-19,10725.0
S01,2024-01-20,13318.0
S01,2024-01-21,12266.0
S01,2024-01-22,8207.0
S01,2024-01-23,8469.0
S01,2024-01-24,8921.0
S01,2024-01-25,10250.0
S01,2024-01-26,13416.0
S01,2024-01-27,13635.0
S01,2024-01-28,11502.0
S02,2024-01-01,29198.0
S02,2024-01-02,20286.0
S02,2024-01-03,22003.0
S02,2024-01-04,23696.0
S02,2024-01-05,26928.0
S02,2024-01-06,32109.0
S02,2024-01-07,29696.0
S02,2024-01-08,16619.0
S02,2024-01-09,16874.0
S02,2024-01-10,16472.0
S02,2024-01-11,17354.0
S02,2024-01-12,19153.0
S02,2024-01-13,24731.0
S02,2024-01-14,23264.0
S02,2024-01-15,16842.0
S02,2024-01-16,15697.0
S02,2024-01-17,16758.0
S02,2024-01-18,18172.0
S02,2024-01-19,19783.0
S02,2024-01-20,24558.0
S02,2024-01-21,25123.0
S02,2024-01-22,16549.0
S02,2024-01-23,16170.0
S02,2024-01-24,16706.0
S02,2024-01-25,18171.0
S02,2024-01-26,26965.0
S02,2024-01-27,26487.0
S02,2024-01-28,25116.0
S03,2024-01-01,5465.0
S03,2024-01-02,4346.0
S03,2024-01-03,4275.0
S03,2024-01-04,5024.0
S03,2024-01-05,5571.0
S03,2024-01-06,6641.0
S03,2024-01-07,5779.0
S03,2024-01-08,3502.0
S03,2024-01-09,3417.0
S03,2024-01-10,3374.0
S03,2024-01-11,3733.0
S03,2024-01-12,4572.0
S03,2024-01-13,5139.0
S03,2024-01-14,4641.0
S03,2024-01-15,3203.0
S03,2024-01-16,3225.0
S03,2024-01-17,3399.0
S03,2024-01-18,3615.0
S03,2024-01-19,4110.0
S03,2024-01-20,5063.0
S03,2024-01-21,4637.0
S03,2024-01-22,3321.0
S03,2024-01-23,3285.0
S03,2024-01-24,3351.0
S03,2024-01-25,4160.0
S03,2024-01-26,5433.0
S03,2024-01-27,5270.0
S03,2024-01-28,5428.0
S04,2024-01-01,23167.0
S04,2024-01-02,15450.0
S04,2024-01-03,18191.0
S04,2024-01-04,17533.0
S04,2024-01-05,20397.0
S04,2024-01-06,25417.0
S04,2024-01-07,22922.0
S04,2024-01-08,11695.0
S04,2024-01-09,12825.0
S04,2024-01-10,13356.0
S04,2024-01-11,13079.0
S04,2024-01-12,15260.0
S04,2024-01-13,18472.0
S04,2024-01-14,17513.0
S04,2024-01-15,12362.0
S04,2024-01-16,12499.0
S04,2024-01-17,13553.0
S04,2024-01-18,14207.0
S04,2024-01-19,15055.0
S04,2024-01-20,19039.0
S04,2024-01-21,17907.0
S04,2024-01-22,12582.0
S04,2024-01-23,12028.0
S04,2024-01-24,13570.0
S04,2024-01-25,14321.0
S04,2024-01-26,20229.0
S04,2024-01-27,19254.0
S04,2024-01-28,17544.0
S05,2024-01-01,36654.0
S05,2024-01-02,29475.0
S05,2024-01-03,29587.0
S05,2024-01-04,31367.0
S05,2024-01-05,34382.0
S05,2024-01-06,42901.0
S05,2024-01-07,38011.0
S05,2024-01-08,21376.0
S05,2024-01-09,22276.0
S05,2024-01-10,22611.0
S05,2024-01-11,23712.0
S05,2024-01-12,26203.0
S05,2024-01-13,31515.0
S05,2024-01-14,33023.0
S05,2024-01-15,20566.0
S05,2024-01-16,22303.0
S05,2024-01-17,21457.0
S05,2024-01-18,23516.0
S05,2024-01-19,25801.0
S05,2024-01-20,32083.0
S05,2024-01-21,29649.0
S05,2024-01-22,20523.0
S05,2024-01-23,21296.0
S05,2024-01-24,22355.0
S05,2024-01-25,23019.0
S05,2024-01-26,36192.0
S05,2024-01-27,33986.0
S05,2024-01-28,33306.0
S06,2024-01-01,14366.0
S06,2024-01-02,10883.0
S06,2024-01-03,11467.0
S06,2024-01-04,11823.0
S06,2024-01-05,13677.0
S06,2024-01-06,16160.0
S06,2024-01-07,14904.0
S06,2024-01-08,8244.0
S06,2024-01-09,8191.0
S06,2024-01-10,8815.0
S06,2024-01-11,8877.0
S06,2024-01-12,10008.0
S06,2024-01-13,12588.0
S06,2024-01-14,12070.0
S06,2024-01-15,8021.0
S06,2024-01-16,8056.0
S06,2024-01-17,8199.0
S06,2024-01-18,8817.0
S06,2024-01-19,10525.0
S06,2024-01-20,12722.0
S06,2024-01-21,11947.0
S06,2024-01-22,8131.0
S06,2024-01-23,7852.0
S06,2024-01-24,8136.0
S06,2024-01-25,9123.0
S06,2024-01-26,12658.0
S06,2024-01-27,12766.0
S06,2024-01-28,11325.0
S07,2024-01-01,6094.0
S07,2024-01-02,4766.0
S07,2024-01-03,4792.0
S07,2024-01-04,4987.0
S07,2024-01-05,5546.0
S07,2024-01-06,6841.0
S07,2024-01-07,6419.0
S07,2024-01-08,3577.0
S07,2024-01-09,3639.0
S07,2024-01-10,3733.0
S07,2024-01-11,3722.0
S07,2024-01-12,4305.0
S07,2024-01-13,5244.0
S07,2024-01-14,4869.0
S07,2024-01-15,3373.0
S07,2024-01-16,3500.0
S07,2024-01-17,3629.0
S07,2024-01-18,3967.0
S07,2024-01-19,4348.0
S07,2024-01-20,5030.0
S07,2024-01-21,4800.0
S07,2024-01-22,3636.0
S07,2024-01-23,3367.0
S07,2024-01-24,3522.0
S07,2024-01-25,3967.0
S07,2024-01-26,5900.0
S07,2024-01-27,5449.0
S07,2024-01-28,5328.0
S08,2024-01-01,5095.0
S08,2024-01-02,3875.0
S08,2024-01-03,3983.0
S08,2024-01-04,4404.0
S08,2024-01-05,4948.0
S08,2024-01-06,5777.0
S08,2024-01-07,5417.0
S08,2024-01-08,3043.0
S08,2024-01-09,3039.0
S08,2024-01-10,3387.0
S08,2024-01-11,3234.0
S08,2024-01-12,3722.0
S08,2024-01-13,4957.0
S08,2024-01-14,4360.0
S08,2024-01-15,2937.0
S08,2024-01-16,2911.0
S08,2024-01-17,3476.0
S08,2024-01-18,3323.0
S08,2024-01-19,3794.0
S08,2024-01-20,4634.0
S08,2024-01-21,4294.0
S08,2024-01-22,3278.0
S08,2024-01-23,3041.0
S08,2024-01-24,3315.0
S08,2024-01-25,3553.0
S08,2024-01-26,4829.0
S08,2024-01-27,5312.0
S08,2024-01-28,4815.0
S09,2024-01-01,40540.0
S09,2024-01-02,30493.0
S09,2024-01-03,30919.0
S09,2024-01-04,34627.0
S09,2024-01-05,38094.0
S09,2024-01-06,45745.0
S09,2024-01-07,41613.0
S09,2024-01-08,22764.0
S09,2024-01-09,22495.0
S09,2024-01-10,24455.0
S09,2024-01-11,25532.0
S09,2024-01-12,29572.0
S09,2024-01-13,37260.0
S09,2024-01-14,34319.0
S09,2024-01-15,23913.0
S09,2024-01-16,24643.0
S09,2024-01-17,25660.0
S09,2024-01-18,26205.0
S09,2024-01-19,28601.0
S09,2024-01-20,34909.0
S09,2024-01-21,33137.0
S09,2024-01-22,23644.0
S09,2024-01-23,23701.0
S09,2024-01-24,23728.0
S09,2024-01-25,25510.0
S09,2024-01-26,38098.0
S09,2024-01-27,40088.0
S09,2024-01-28,35559.0
S10,2024-01-01,33800.0
S10,2024-01-02,24768.0
S10,2024-01-03,25145.0
S10,2024-01-04,28830.0
S10,2024-01-05,29151.0
S10,2024-01-06,35854.0
S10,2024-01-07,33746.0
S10,2024-01-08,18469.0
S10,2024-01-09,18703.0
S10,2024-01-10,18827.0
S10,2024-01-11,20249.0
S10,2024-01-12,23015.0
S10,2024-01-13,27330.0
S10,2024-01-14,25360.0
S10,2024-01-15,18882.0
S10,2024-01-16,17925.0
S10,2024-01-17,19933.0
S10,2024-01-18,20908.0
S10,2024-01-19,25072.0
S10,2024-01-20,29468.0
S10,2024-01-21,27005.0
S10,2024-01-22,18027.0
S10,2024-01-23,18819.0
S10,2024-01-24,19195.0
S10,2024-01-25,22466.0
S10,2024-01-26,31791.0
S10,2024-01-27,30109.0
S10,2024-01-28,28274.0
S11,2024-01-01,26125.0
S11,2024-01-02,17431.0
S11,2024-01-03,18555.0
S11,2024-01-04,19694.0
S11,2024-01-05,22134.0
S11,2024-01-06,26265.0
S11,2024-01-07,25346.0
S11,2024-01-08,13812.0
S11,2024-01-09,13077.0
S11,2024-01-10,13851.0
S11,2024-01-11,14161.0
S11,2024-01-12,16263.0
S11,2024-01-13,21233.0
S11,2024-01-14,18826.0
S11,2024-01-15,13717.0
S11,2024-01-16,13663.0
S11,2024-01-17,13537.0
S11,2024-01-18,15312.0
S11,2024-01-19,16880.0
S11,2024-01-20,20510.0
S11,2024-01-21,17708.0
S11,2024-01-22,13945.0
S11,2024-01-23,12681.0
S11,2024-01-24,13200.0
S11,2024-01-25,15163.0
S11,2024-01-26,21656.0
S11,2024-01-27,20719.0
S11,2024-01-28,19660.0
S12,2024-01-01,5628.0
S12,2024-01-02,4719.0
S12,2024-01-03,4653.0
S12,2024-01-04,4911.0
S12,2024-01-05,5657.0
S12,2024-01-06,6709.0
S12,2024-01-07,6242.0
S12,2024-01-08,3514.0
S12,2024-01-09,3643.0
S12,2024-01-10,3626.0
S12,2024-01-11,3870.0
S12,2024-01-12,4355.0
S12,2024-01-13,5491.0
S12,2024-01-14,4876.0
S12,2024-01-15,3406.0
S12,2024-01-16,3426.0
S12,2024-01-17,3691.0
S12,2024-01-18,3975.0
S12,2024-01-19,4203.0
S12,2024-01-20,5064.0
S12,2024-01-21,4687.0
S12,2024-01-22,3618.0
S12,2024-01-23,3329.0
S12,2024-01-24,3641.0
S12,2024-01-25,4252.0
S12,2024-01-26,5417.0
S12,2024-01-27,5468.0
S12,2024-01-28,5499.0
S13,2024-01-01,18869.0
S13,2024-01-02,12687.0
S13,2024-01-03,14894.0
S13,2024-01-04,14178.0
S13,2024-01-05,17082.0
S13,2024-01-06,20263.0
S13,2024-01-07,17611.0
S13,2024-01-08,10565.0
S13,2024-01-09,10562.0
S13,2024-01-10,11412.0
S13,2024-01-11,11111.0
S13,2024-01-12,12650.0
S13,2024-01-13,15330.0
S13,2024-01-14,14751.0
S13,2024-01-15,9714.0
S13,2024-01-16,10600.0
S13,2024-01-17,10723.0
S13,2024-01-18,11299.0
S13,2024-01-19,12539.0
S13,2024-01-20,14991.0
S13,2024-01-21,14395.0
S13,2024-01-22,10437.0
S13,2024-01-23,10270.0
S13,2024-01-24,10539.0
S13,2024-01-25,11633.0
S13,2024-01-26,15056.0
S13,2024-01-27,15129.0
S13,2024-01-28,14594.0
S14,2024-01-01,9282.0
S14,2024-01-02,7112.0
S14,2024-01-03,6945.0
S14,2024-01-04,7218.0
S14,2024-01-05,8214.0
S14,2024-01-06,9652.0
S14,2024-01-07,9239.0
S14,2024-01-08,5112.0
S14,2024-01-09,5369.0
S14,2024-01-10,5358.0
S14,2024-01-11,5580.0
S14,2024-01-12,6095.0
S14,2024-01-13,7807.0
S14,2024-01-14,7627.0
S14,2024-01-15,4990.0
S14,2024-01-16,5462.0
S14,2024-01-17,5329.0
S14,2024-01-18,5714.0
S14,2024-01-19,6670.0
S14,2024-01-20,8290.0
S14,2024-01-21,7622.0
S14,2024-01-22,5388.0
S14,2024-01-23,5644.0
S14,2024-01-24,5570.0
S14,2024-01-25,5909.0
S14,2024-01-26,8824.0
S14,2024-01-27,8184.0
S14,2024-01-28,8196.0
S15,2024-01-01,36015.0
S15,2024-01-02,25959.0
S15,2024-01-03,26094.0
S15,2024-01-04,27384.0
S15,2024-01-05,33784.0
S15,2024-01-06,35275.0
S15,2024-01-07,33721.0
S15,2024-01-08,20019.0
S15,2024-01-09,20107.0
S15,2024-01-10,19990.0
S15,2024-01-11,21495.0
S15,2024-01-12,23821.0
S15,2024-01-13,29743.0
S15,2024-01-14,27730.0
S15,2024-01-15,19484.0
S15,2024-01-16,20356.0
S15,2024-01-17,20427.0
S15,2024-01-18,20631.0
S15,2024-01-19,24990.0
S15,2024-01-20,28722.0
S15,2024-01-21,26364.0
S15,2024-01-22,19856.0
S15,2024-01-23,18908.0
S15,2024-01-24,20091.0
S15,2024-01-25,21159.0
S15,2024-01-26,31058.0
S15,2024-01-27,31722.0
S15,2024-01-28,27522.0
S16,2024-01-01,33629.0
S16,2024-01-02,25115.0
S16,2024-01-03,26352.0
S16,2024-01-04,24914.0
S16,2024-01-05,27563.0
S16,2024-01-06,35773.0
S16,2024-01-07,33392.0
S16,2024-01-08,18461.0
S16,2024-01-09,17843.0
S16,2024-01-10,19114.0
S16,2024-01-11,19924.0
S16,2024-01-12,22813.0
S16,2024-01-13,26792.0
S16,2024-01-14,26485.0
S16,2024-01-15,17598.0
S16,2024-01-16,18706.0
S16,2024-01-17,20277.0
S16,2024-01-18,20759.0
S16,2024-01-19,23425.0
S16,2024-01-20,29133.0
S16,2024-01-21,26377.0
S16,2024-01-22,17810.0
S16,2024-01-23,19490.0
S16,2024-01-24,18896.0
S16,2024-01-25,21867.0
S16,2024-01-26,28894.0
S16,2024-01-27,28511.0
S16,2024-01-28,25584.0
S17,2024-01-01,29705.0
S17,2024-01-02,20981.0
S17,2024-01-03,23907.0
S17,2024-01-04,24089.0
S17,2024-01-05,26463.0
S17,2024-01-06,32203.0
S17,2024-01-07,31309.0
S17,2024-01-08,17224.0
S17,2024-01-09,17702.0
S17,2024-01-10,18395.0
S17,2024-01-11,19157.0
S17,2024-01-12,20466.0
S17,2024-01-13,25602.0
S17,2024-01-14,24535.0
S17,2024-01-15,16360.0
S17,2024-01-16,16693.0
S17,2024-01-17,17352.0
S17,2024-01-18,19562.0
S17,2024-01-19,21451.0
S17,2024-01-20,26414.0
S17,2024-01-21,25798.0
S17,2024-01-22,18030.0
S17,2024-01-23,17195.0
S17,2024-01-24,17171.0
S17,2024-01-25,19463.0
S17,2024-01-26,29927.0
S17,2024-01-27,26117.0
S17,2024-01-28,24187.0
S18,2024-01-01,43651.0
S18,2024-01-02,37602.0
S18,2024-01-03,35627.0
S18,2024-01-04,37695.0
S18,2024-01-05,44066.0
S18,2024-01-06,50506.0
S18,2024-01-07,54153.0
S18,2024-01-08,26843.0
S18,2024-01-09,28890.0
S18,2024-01-10,30851.0
S18,2024-01-11,28800.0
S18,2024-01-12,33432.0
S18,2024-01-13,40702.0
S18,2024-01-14,38538.0
S18,2024-01-15,27655.0
S18,2024-01-16,27402.0
S18,2024-01-17,26937.0
S18,2024-01-18,28836.0
S18,2024-01-19,33962.0
S18,2024-01-20,39261.0
S18,2024-01-21,36197.0
S18,2024-01-22,28108.0
S18,2024-01-23,26652.0
S18,2024-01-24,27174.0
S18,2024-01-25,28853.0
S18,2024-01-26,41978.0
S18,2024-01-27,40381.0
S18,2024-01-28,38305.0
S19,2024-01-01,13887.0
S19,2024-01-02,10708.0
S19,2024-01-03,11134.0
S19,2024-01-04,11369.0
S19,2024-01-05,13554.0
S19,2024-01-06,15675.0
S19,2024-01-07,14790.0
S19,2024-01-08,7948.0
S19,2024-01-09,8212.0
S19,2024-01-10,8754.0
S19,2024-01-11,8619.0
S19,2024-01-12,10194.0
S19,2024-01-13,12585.0
S19,2024-01-14,12343.0
S19,2024-01-15,7905.0
S19,2024-01-16,7998.0
S19,2024-01-17,8307.0
S19,2024-01-18,9145.0
S19,2024-01-19,10113.0
S19,2024-01-20,12386.0
S19,2024-01-21,11216.0
S19,2024-01-22,7984.0
S19,2024-01-23,7856.0
S19,2024-01-24,8327.0
S19,2024-01-25,9530.0
S19,2024-01-26,12810.0
S19,2024-01-27,12663.0
S19,2024-01-28,10961.0
S20,2024-01-01,25838.0
S20,2024-01-02,17412.0
S20,2024-01-03,17410.0
S20,2024-01-04,19814.0
S20,2024-01-05,20555.0
S20,2024-01-06,26855.0
S20,2024-01-07,22837.0
S20,2024-01-08,12824.0
S20,2024-01-09,12983.0
S20,2024-01-10,12944.0
S20,2024-01-11,14567.0
S20,2024-01-12,16062.0
S20,2024-01-13,19882.0
S20,2024-01-14,17278.0
S20,2024-01-15,12541.0
S20,2024-01-16,12852.0
S20,2024-01-17,13780.0
S20,2024-01-18,15384.0
S20,2024-01-19,16589.0
S20,2024-01-20,21412.0
S20,2024-01-21,17720.0
S20,2024-01-22,13077.0
S20,2024-01-23,12757.0
S20,2024-01-24,13507.0
S20,2024-01-25,15035.0
S20,2024-01-26,22581.0
S20,2024-01-27,19910.0
S20,2024-01-28,18634.0
S21,2024-01-01,13847.0
S21,2024-01-02,9707.0
S21,2024-01-03,9879.0
S21,2024-01-04,10295.0
S21,2024-01-05,11089.0
S21,2024-01-06,13839.0
S21,2024-01-07,13777.0
S21,2024-01-08,7203.0
S21,2024-01-09,7473.0
S21,2024-01-10,7288.0
S21,2024-01-11,7776.0
S21,2024-01-12,8607.0
S21,2024-01-13,10959.0
S21,2024-01-14,10697.0
S21,2024-01-15,7253.0
S21,2024-01-16,7324.0
S21,2024-01-17,7329.0
S21,2024-01-18,7712.0
S21,2024-01-19,8921.0
S21,2024-01-20,11259.0
S21,2024-01-21,10462.0
S21,2024-01-22,7546.0
S21,2024-01-23,7211.0
S21,2024-01-24,7227.0
S21,2024-01-25,7770.0
S21,2024-01-26,11133.0
S21,2024-01-27,11426.0
S21,2024-01-28,10055.0
S22,2024-01-01,20324.0
S22,2024-01-02,14203.0
S22,2024-01-03,15809.0
S22,2024-01-04,16443.0
S22,2024-01-05,19587.0
S22,2024-01-06,23063.0
S22,2024-01-07,20189.0
S22,2024-01-08,11255.0
S22,2024-01-09,11094.0
S22,2024-01-10,11916.0
S22,2024-01-11,11947.0
S22,2024-01-12,14501.0
S22,2024-01-13,17284.0
S22,2024-01-14,15432.0
S22,2024-01-15,11094.0
S22,2024-01-16,11248.0
S22,2024-01-17,12041.0
S22,2024-01-18,11649.0
S22,2024-01-19,14643.0
S22,2024-01-20,16971.0
S22,2024-01-21,15900.0
S22,2024-01-22,11102.0
S22,2024-01-23,10974.0
S22,2024-01-24,11248.0
S22,2024-01-25,12714.0
S22,2024-01-26,17764.0
S22,2024-01-27,15639.0
S22,2024-01-28,15702.0
S23,2024-01-01,10715.0
S23,2024-01-02,8001.0
S23,2024-01-03,8145.0
S23,2024-01-04,8595.0
S23,2024-01-05,9544.0
S23,2024-01-06,12022.0
S23,2024-01-07,10345.0
S23,2024-01-08,6122.0
S23,2024-01-09,6233.0
S23,2024-01-10,6623.0
S23,2024-01-11,6917.0
S23,2024-01-12,7834.0
S23,2024-01-13,9904.0
S23,2024-01-14,8744.0
S23,2024-01-15,6295.0
S23,2024-01-16,6308.0
S23,2024-01-17,6781.0
S23,2024-01-18,6836.0
S23,2024-01-19,8566.0
S23,2024-01-20,10075.0
S23,2024-01-21,8527.0
S23,2024-01-22,6325.0
S23,2024-01-23,6408.0
S23,2024-01-24,6374.0
S23,2024-01-25,7779.0
S23,2024-01-26,10924.0
S23,2024-01-27,10144.0
S23,2024-01-28,9571.0
S24,2024-01-01,12283.0
S24,2024-01-02,8958.0
S24,2024-01-03,9392.0
S24,2024-01-04,10270.0
S24,2024-01-05,10700.0
S24,2024-01-06,13222.0
S24,2024-01-07,12630.0
S24,2024-01-08,6961.0
S24,2024-01-09,7231.0
S24,2024-01-10,7363.0
S24,2024-01-11,7704.0
S24,2024-01-12,8444.0
S24,2024-01-13,11115.0
S24,2024-01-14,10493.0
S24,2024-01-15,7030.0
S24,2024-01-16,6991.0
S24,2024-01-17,7224.0
S24,2024-01-18,7711.0
S24,2024-01-19,8767.0
S24,2024-01-20,10491.0
S24,2024-01-21,10250.0
S24,2024-01-22,7203.0
S24,2024-01-23,6632.0
S24,2024-01-24,6978.0
S24,2024-01-25,8103.0
S24,2024-01-26,10589.0
S24,2024-01-27,10478.0
S24,2024-01-28,9706.0
S25,2024-01-01,9015.0
S25,2024-01-02,6856.0
S25,2024-01-03,6942.0
S25,2024-01-04,7360.0
S25,2024-01-05,8105.0
S25,2024-01-06,9161.0
S25,2024-01-07,8564.0
S25,2024-01-08,5182.0
S25,2024-01-09,5123.0
S25,2024-01-10,5222.0
S25,2024-01-11,5528.0
S25,2024-01-12,5719.0
S25,2024-01-13,7254.0
S25,2024-01-14,6792.0
S25,2024-01-15,4814.0
S25,2024-01-16,4886.0
S25,2024-01-17,5110.0
S25,2024-01-18,5448.0
S25,2024-01-19,6204.0
S25,2024-01-20,7597.0
S25,2024-01-21,6828.0
S25,2024-01-22,5494.0
S25,2024-01-23,5026.0
S25,2024-01-24,4892.0
S25,2024-01-25,5991.0
S25,2024-01-26,8012.0
S25,2024-01-27,8335.0
S25,2024-01-28,7677.0
S26,2024-01-01,48354.0
S26,2024-01-02,35522.0
S26,2024-01-03,37717.0
S26,2024-01-04,40626.0
S26,2024-01-05,44685.0
S26,2024-01-06,51780.0
S26,2024-01-07,50764.0
S26,2024-01-08,28065.0
S26,2024-01-09,27487.0
S26,2024-01-10,27887.0
S26,2024-01-11,28385.0
S26,2024-01-12,35277.0
S26,2024-01-13,42251.0
S26,2024-01-14,39316.0
S26,2024-01-15,28509.0
S26,2024-01-16,27953.0
S26,2024-01-17,27061.0
S26,2024-01-18,30830.0
S26,2024-01-19,33921.0
S26,2024-01-20,41949.0
S26,2024-01-21,39417.0
S26,2024-01-22,28777.0
S26,2024-01-23,27986.0
S26,2024-01-24,27669.0
S26,2024-01-25,30053.0
S26,2024-01-26,44993.0
S26,2024-01-27,42818.0
S26,2024-01-28,37512.0
S27,2024-01-01,17287.0
S27,2024-01-02,12422.0
S27,2024-01-03,12617.0
S27,2024-01-04,13558.0
S27,2024-01-05,15426.0
S27,2024-01-06,19404.0
S27,2024-01-07,16920.0
S27,2024-01-08,9982.0
S27,2024-01-09,10157.0
S27,2024-01-10,10758.0
S27,2024-01-11,10376.0
S27,2024-01-12,12336.0
S27,2024-01-13,15102.0
S27,2024-01-14,13926.0
S27,2024-01-15,9718.0
S27,2024-01-16,9283.0
S27,2024-01-17,10001.0
S27,2024-01-18,10165.0
S27,2024-01-19,12631.0
S27,2024-01-20,14707.0
S27,2024-01-21,13799.0
S27,2024-01-22,9979.0
S27,2024-01-23,10303.0
S27,2024-01-24,9603.0
S27,2024-01-25,10981.0
S27,2024-01-26,15305.0
S27,2024-01-27,14015.0
S27,2024-01-28,14188.0
S28,2024-01-01,51959.0
S28,2024-01-02,42491.0
S28,2024-01-03,43510.0
S28,2024-01-04,45891.0
S28,2024-01-05,49076.0
S28,2024-01-06,61016.0
S28,2024-01-07,57757.0
S28,2024-01-08,32314.0
S28,2024-01-09,33907.0
S28,2024-01-10,34776.0
S28,2024-01-11,36756.0
S28,2024-01-12,39563.0
S28,2024-01-13,47094.0
S28,2024-01-14,45729.0
S28,2024-01-15,30836.0
S28,2024-01-16,31793.0
S28,2024-01-17,34213.0
S28,2024-01-18,36190.0
S28,2024-01-19,37782.0
S28,2024-01-20,47676.0
S28,2024-01-21,46895.0
S28,2024-01-22,31080.0
S28,2024-01-23,32512.0
S28,2024-01-24,33114.0
S28,2024-01-25,36312.0
S28,2024-01-26,51937.0
S28,2024-01-27,53126.0
S28,2024-01-28,47406.0
S29,2024-01-01,54306.0
S29,2024-01-02,41357.0
S29,2024-01-03,41887.0
S29,2024-01-04,43902.0
S29,2024-01-05,46622.0
S29,2024-01-06,56977.0
S29,2024-01-07,52857.0
S29,2024-01-08,30975.0
S29,2024-01-09,30335.0
S29,2024-01-10,32565.0
S29,2024-01-11,32598.0
S29,2024-01-12,35039.0
S29,2024-01-13,46222.0
S29,2024-01-14,44380.0
S29,2024-01-15,31795.0
S29,2024-01-16,31193.0
S29,2024-01-17,32572.0
S29,2024-01-18,35439.0
S29,2024-01-19,36814.0
S29,2024-01-20,46294.0
S29,2024-01-21,42531.0
S29,2024-01-22,31675.0
S29,2024-01-23,31098.0
S29,2024-01-24,32448.0
S29,2024-01-25,36263.0
S29,2024-01-26,49887.0
S29,2024-01-27,50151.0
S29,2024-01-28,43941.0
S30,2024-01-01,13767.0
S30,2024-01-02,9873.0
S30,2024-01-03,10253.0
S30,2024-01-04,10664.0
S30,2024-01-05,12250.0
S30,2024-01-06,14943.0
S30,2024-01-07,14200.0
S30,2024-01-08,7542.0
S30,2024-01-09,7632.0
S30,2024-01-10,7815.0
S30,2024-01-11,7980.0
S30,2024-01-12,9100.0
S30,2024-01-13,10941.0
S30,2024-01-14,10903.0
S30,2024-01-15,7461.0
S30,2024-01-16,7546.0
S30,2024-01-17,7817.0
S30,2024-01-18,7912.0
S30,2024-01-19,9052.0
S30,2024-01-20,11571.0
S30,2024-01-21,10441.0
S30,2024-01-22,7566.0
S30,2024-01-23,7287.0
S30,2024-01-24,7654.0
S30,2024-01-25,8883.0
S30,2024-01-26,11316.0
S30,2024-01-27,11550.0
S30,2024-01-28,10363.0
S31,2024-01-01,34405.0
S31,2024-01-02,26578.0
S31,2024-01-03,24820.0
S31,2024-01-04,26680.0
S31,2024-01-05,30142.0
S31,2024-01-06,35536.0
S31,2024-01-07,33317.0
S31,2024-01-08,19319.0
S31,2024-01-09,20002.0
S31,2024-01-10,19350.0
S31,2024-01-11,20257.0
S31,2024-01-12,22702.0
S31,2024-01-13,28485.0
S31,2024-01-14,27083.0
S31,2024-01-15,18044.0
S31,2024-01-16,18951.0
S31,2024-01-17,19048.0
S31,2024-01-18,20532.0
S31,2024-01-19,22870.0
S31,2024-01-20,28032.0
S31,2024-01-21,26323.0
S31,2024-01-22,18222.0
S31,2024-01-23,18683.0
S31,2024-01-24,18652.0
S31,2024-01-25,20072.0
S31,2024-01-26,31777.0
S31,2024-01-27,29215.0
S31,2024-01-28,27047.0
S32,2024-01-01,10346.0
S32,2024-01-02,7568.0
S32,2024-01-03,7655.0
S32,2024-01-04,8803.0
S32,2024-01-05,9028.0
S32,2024-01-06,10529.0
S32,2024-01-07,10093.0
S32,2024-01-08,6053.0
S32,2024-01-09,5831.0
S32,2024-01-10,6213.0
S32,2024-01-11,6815.0
S32,2024-01-12,7016.0
S32,2024-01-13,9246.0
S32,2024-01-14,8136.0
S32,2024-01-15,5910.0
S32,2024-01-16,6241.0
S32,2024-01-17,6041.0
S32,2024-01-18,6248.0
S32,2024-01-19,7084.0
S32,2024-01-20,9496.0
S32,2024-01-21,8185.0
S32,2024-01-22,6234.0
S32,2024-01-23,5946.0
S32,2024-01-24,5994.0
S32,2024-01-25,6435.0
S32,2024-01-26,9896.0
S32,2024-01-27,9571.0
S32,2024-01-28,8727.0
S33,2024-01-01,54331.0
S33,2024-01-02,38468.0
S33,2024-01-03,37814.0
S33,2024-01-04,39537.0
S33,2024-01-05,43727.0
S33,2024-01-06,53283.0
S33,2024-01-07,48320.0
S33,2024-01-08,28522.0
S33,2024-01-09,29703.0
S33,2024-01-10,28457.0
S33,2024-01-11,31050.0
S33,2024-01-12,33673.0
S33,2024-01-13,44128.0
S33,2024-01-14,40238.0
S33,2024-01-15,29013.0
S33,2024-01-16,28432.0
S33,2024-01-17,28463.0
S33,2024-01-18,31466.0
S33,2024-01-19,33271.0
S33,2024-01-20,43259.0
S33,2024-01-21,39446.0
S33,2024-01-22,29443.0
S33,2024-01-23,28644.0
S33,2024-01-24,29314.0
S33,2024-01-25,31928.0
S33,2024-01-26,49088.0
S33,2024-01-27,44665.0
S33,2024-01-28,41594.0
S34,2024-01-01,28775.0
S34,2024-01-02,20571.0
S34,2024-01-03,20657.0
S34,2024-01-04,23678.0
S34,2024-01-05,25343.0
S34,2024-01-06,30694.0
S34,2024-01-07,29334.0
S34,2024-01-08,15745.0
S34,2024-01-09,16271.0
S34,2024-01-10,15157.0
S34,2024-01-11,16779.0
S34,2024-01-12,18750.0
S34,2024-01-13,22171.0
S34,2024-01-14,22270.0
S34,2024-01-15,15134.0
S34,2024-01-16,15797.0
S34,2024-01-17,15606.0
S34,2024-01-18,16614.0
S34,2024-01-19,20086.0
S34,2024-01-20,22571.0
S34,2024-01-21,21221.0
S34,2024-01-22,15921.0
S34,2024-01-23,15340.0
S34,2024-01-24,14808.0
S34,2024-01-25,17696.0
S34,2024-01-26,27953.0
S34,2024-01-27,23371.0
S34,2024-01-28,20517.0
S35,2024-01-01,18355.0
S35,2024-01-02,13760.0
S35,2024-01-03,15128.0
S35,2024-01-04,15034.0
S35,2024-01-05,18003.0
S35,2024-01-06,21601.0
S35,2024-01-07,20149.0
S35,2024-01-08,11669.0
S35,2024-01-09,10796.0
S35,2024-01-10,12324.0
S35,2024-01-11,11945.0
S35,2024-01-12,13088.0
S35,2024-01-13,16800.0
S35,2024-01-14,15479.0
S35,2024-01-15,11652.0
S35,2024-01-16,11165.0
S35,2024-01-17,12034.0
S35,2024-01-18,11735.0
S35,2024-01-19,14079.0
S35,2024-01-20,16454.0
S35,2024-01-21,14893.0
S35,2024-01-22,11848.0
S35,2024-01-23,10567.0
S35,2024-01-24,12409.0
S35,2024-01-25,12508.0
S35,2024-01-26,17161.0
S35,2024-01-27,16438.0
S35,2024-01-28,16310.0
S36,2024-01-01,55206.0
S36,2024-01-02,40502.0
S36,2024-01-03,42054.0
S36,2024-01-04,43457.0
S36,2024-01-05,46146.0
S36,2024-01-06,59199.0
S36,2024-01-07,53821.0
S36,2024-01-08,29915.0
S36,2024-01-09,30566.0
S36,2024-01-10,30367.0
S36,2024-01-11,31843.0
S36,2024-01-12,37717.0
S36,2024-01-13,47172.0
S36,2024-01-14,42544.0
S36,2024-01-15,30657.0
S36,2024-01-16,29444.0
S36,2024-01-17,30128.0
S36,2024-01-18,32664.0
S36,2024-01-19,36465.0
S36,2024-01-20,43170.0
S36,2024-01-21,41473.0
S36,2024-01-22,32371.0
S36,2024-01-23,31395.0
S36,2024-01-24,30232.0
S36,2024-01-25,33117.0
S36,2024-01-26,44651.0
S36,2024-01-27,48388.0
S36,2024-01-28,44473.0
S37,2024-01-01,36017.0
S37,2024-01-02,28245.0
S37,2024-01-03,28580.0
S37,2024-01-04,30750.0
S37,2024-01-05,35604.0
S37,2024-01-06,43401.0
S37,2024-01-07,39344.0
S37,2024-01-08,22136.0
S37,2024-01-09,21195.0
S37,2024-01-10,22400.0
S37,2024-01-11,22934.0
S37,2024-01-12,27433.0
S37,2024-01-13,32854.0
S37,2024-01-14,30916.0
S37,2024-01-15,21677.0
S37,2024-01-16,22339.0
S37,2024-01-17,23050.0
S37,2024-01-18,24902.0
S37,2024-01-19,25542.0
S37,2024-01-20,33432.0
S37,2024-01-21,32595.0
S37,2024-01-22,20947.0
S37,2024-01-23,21810.0
S37,2024-01-24,22659.0
S37,2024-01-25,24741.0
S37,2024-01-26,38519.0
S37,2024-01-27,35597.0
S37,2024-01-28,32652.0
S38,2024-01-01,27830.0
S38,2024-01-02,19625.0
S38,2024-01-03,19630.0
S38,2024-01-04,21204.0
S38,2024-01-05,24894.0
S38,2024-01-06,27817.0
S38,2024-01-07,27173.0
S38,2024-01-08,15283.0
S38,2024-01-09,14949.0
S38,2024-01-10,15410.0
S38,2024-01-11,15827.0
S38,2024-01-12,17471.0
S38,2024-01-13,22152.0
S38,2024-01-14,21998.0
S38,2024-01-15,13822.0
S38,2024-01-16,14682.0
S38,2024-01-17,15965.0
S38,2024-01-18,15541.0
S38,2024-01-19,18264.0
S38,2024-01-20,22307.0
S38,2024-01-21,20930.0
S38,2024-01-22,14764.0
S38,2024-01-23,14483.0
S38,2024-01-24,15708.0
S38,2024-01-25,16219.0
S38,2024-01-26,25995.0
S38,2024-01-27,23284.0
S38,2024-01-28,19845.0
S39,2024-01-01,41932.0
S39,2024-01-02,32294.0
S39,2024-01-03,31222.0
S39,2024-01-04,34733.0
S39,2024-01-05,39648.0
S39,2024-01-06,46390.0
S39,2024-01-07,41992.0
S39,2024-01-08,24330.0
S39,2024-01-09,25393.0
S39,2024-01-10,23832.0
S39,2024-01-11,26592.0
S39,2024-01-12,30462.0
S39,2024-01-13,36437.0
S39,2024-01-14,35780.0
S39,2024-01-15,24309.0
S39,2024-01-16,25118.0
S39,2024-01-17,25426.0
S39,2024-01-18,26874.0
S39,2024-01-19,29063.0
S39,2024-01-20,35699.0
S39,2024-01-21,34175.0
S39,2024-01-22,23482.0
S39,2024-01-23,24294.0
S39,2024-01-24,23594.0
S39,2024-01-25,25412.0
S39,2024-01-26,38480.0
S39,2024-01-27,35735.0
S39,2024-01-28,35405.0
S40,2024-01-01,34348.0
S40,2024-01-02,27982.0
S40,2024-01-03,28889.0
S40,2024-01-04,31610.0
S40,2024-01-05,36215.0
S40,2024-01-06,41650.0
S40,2024-01-07,40340.0
S40,2024-01-08,20405.0
S40,2024-01-09,20707.0
S40,2024-01-10,22234.0
S40,2024-01-11,23962.0
S40,2024-01-12,27012.0
S40,2024-01-13,33854.0
S40,2024-01-14,32963.0
S40,2024-01-15,20876.0
S40,2024-01-16,21529.0
S40,2024-01-17,20870.0
S40,2024-01-18,23718.0
S40,2024-01-19,26031.0
S40,2024-01-20,32290.0
S40,2024-01-21,30771.0
S40,2024-01-22,20716.0
S40,2024-01-23,20352.0
S40,2024-01-24,20896.0
S40,2024-01-25,23736.0
S40,2024-01-26,32564.0
S40,2024-01-27,34305.0
S40,2024-01-28,32642.0
